<?xml version="1.0" encoding="UTF-8" standalone="yes"?>
<addon id="repository.jcwizard" name="[COLOR limegreen][B]JC[/B][/COLOR]Wizard Repository" version="1.0" provider-name="Jchc4">
    <extension point="xbmc.addon.repository" name="[COLOR limegreen][B]JC[/B][/COLOR]Wizard Repository">
          <dir>
            <info compressed="false">https://raw.githubusercontent.com/Jchc4/repository.jcwizard/master/master/zips/addons.xml</info>
            <checksum>https://raw.githubusercontent.com/Jchc4/repository.jcwizard/master/master/zips/addons.xml.md5</checksum>
            <datadir zip="true">https://raw.githubusercontent.com/jchc4/repository.jcwizard/master/master/zips/</datadir>
        </dir>
    </extension>
    
    <extension point="xbmc.addon.metadata">
        <summary>[COLOR Limegreen][B]JC[/B][/COLOR]Wizard</summary>
        <description>The official home of [COLOR Limegreen][B]JC[/B][/COLOR]Wizard.</description>
        <platform>all</platform>
        <assets>
            <icon>icon.png</icon>
            <fanart>fanart.jpg</fanart>
        </assets>
        <source>https://www.github.com/jchc4/repository.jcwizard/</source>
    </extension>
</addon>
